id,date
1,2025-04-10
2,2025-04-10
3,2025-04-10
4,2025-04-10
5,2025-04-10
6,2025-04-10
7,2025-04-10
8,2025-04-10
9,2025-04-10
10,2025-04-10
8,2024-09-09
2,2024-09-09
5,2024-09-09
7,2024-09-09
3,2024-09-09
16,2024-09-09
1,2024-09-09
4,2024-09-09
6,2024-09-09
15,2024-09-09
8,2024-09-16
2,2024-09-16
5,2024-09-16
7,2024-09-16
3,2024-09-16
13,2024-09-16
21,2024-09-16
4,2024-09-16
6,2024-09-16
8,2024-09-23
2,2024-09-23
5,2024-09-23
7,2024-09-23
1,2024-09-23
21,2024-09-23
22,2024-09-23
4,2024-09-23
6,2024-09-23
